{"cameraMode":{"drawMode":0,"name":"Shaded","section":"Shading Mode"},"sceneLighting":true,"audioPlay":false,"sceneViewState":{"showFog":true,"showMaterialUpdate":false,"showSkybox":true,"showFlares":true,"showImageEffects":true,"showParticleSystems":true},"in2DMode":false,"pivot":{"x":3.2060816287994386,"y":1.3784537315368653,"z":-1.284926414489746},"rotation":{"x":0.14442412555217744,"y":0.3411328196525574,"z":-0.053128425031900409,"w":0.9273332953453064},"size":7.373352527618408,"orthographic":false}