{"cameraMode":{"drawMode":0,"name":"Shaded","section":"Shading Mode"},"sceneLighting":false,"audioPlay":false,"sceneViewState":{"showFog":true,"showMaterialUpdate":false,"showSkybox":true,"showFlares":true,"showImageEffects":true,"showParticleSystems":true},"in2DMode":false,"pivot":{"x":0.3291304111480713,"y":1.136466383934021,"z":-0.20315222442150117},"rotation":{"x":0.09894909709692002,"y":0.688094437122345,"z":-0.09556425362825394,"w":0.7124634981155396},"size":3.8573648929595949,"orthographic":false}