{"cameraMode":{"drawMode":0,"name":"Shaded","section":"Shading Mode"},"sceneLighting":false,"audioPlay":false,"sceneViewState":{"showFog":true,"showMaterialUpdate":false,"showSkybox":false,"showFlares":true,"showImageEffects":true,"showParticleSystems":true},"in2DMode":false,"pivot":{"x":-0.431483656167984,"y":2.499507427215576,"z":-1.4141738414764405},"rotation":{"x":0.09883444011211395,"y":-0.008955796249210835,"z":0.0008895029895938933,"w":0.9950637817382813},"size":2.6847221851348879,"orthographic":false}