{"cameraMode":{"drawMode":0,"name":"Shaded","section":"Shading Mode"},"sceneLighting":false,"audioPlay":false,"sceneViewState":{"showFog":true,"showMaterialUpdate":false,"showSkybox":true,"showFlares":true,"showImageEffects":true,"showParticleSystems":true},"in2DMode":false,"pivot":{"x":0.815273642539978,"y":2.2948238849639894,"z":-1.2998712062835694},"rotation":{"x":0.04291820526123047,"y":0.8507717847824097,"z":-0.07034816592931748,"w":0.5190359354019165},"size":2.999373435974121,"orthographic":false}