{"cameraMode":{"drawMode":0,"name":"Shaded","section":"Shading Mode"},"sceneLighting":false,"audioPlay":false,"sceneViewState":{"showFog":true,"showMaterialUpdate":false,"showSkybox":true,"showFlares":true,"showImageEffects":true,"showParticleSystems":true},"in2DMode":false,"pivot":{"x":0.9784622192382813,"y":0.8332717418670654,"z":-0.33999085426330569},"rotation":{"x":0.09894909709692002,"y":0.688094437122345,"z":-0.09556425362825394,"w":0.7124634981155396},"size":6.651216983795166,"orthographic":false}