{"cameraMode":{"drawMode":0,"name":"Shaded","section":"Shading Mode"},"sceneLighting":true,"audioPlay":false,"sceneViewState":{"showFog":true,"showMaterialUpdate":false,"showSkybox":true,"showFlares":true,"showImageEffects":true,"showParticleSystems":true},"in2DMode":false,"pivot":{"x":-0.30711451172828677,"y":0.8988339900970459,"z":-1.117837905883789},"rotation":{"x":0.09883444011211395,"y":-0.008955796249210835,"z":0.0008895029895938933,"w":0.9950637817382813},"size":8.981059074401856,"orthographic":false}